CREATE TABLE birmingham (
  "Date" VARCHAR(10),
  "New - Saddles" INTEGER,
  "New - Mudguards" INTEGER,
  "New - Wheels" INTEGER,
  "New - Bags" INTEGER,
  "Existing - Saddles" INTEGER,
  "Existing - Mudguards" INTEGER,
  "Existing - Wheels" INTEGER,
  "Existing - Bags" INTEGER
);

INSERT INTO birmingham
  ("Date", "New - Saddles", "New - Mudguards", "New - Wheels", "New - Bags", "Existing - Saddles", "Existing - Mudguards", "Existing - Wheels", "Existing - Bags")
VALUES
  ('21/1/2021', '1', '53', '4', '23', '19', '19', '16', '23'),
  ('21/2/2021', '8', '42', '7', '36', '12', '18', '0', '40'),
  ('21/3/2021', '8', '9', '5', '28', '20', '59', '2', '25'),
  ('21/4/2021', '2', '25', '2', '34', '14', '57', '0', '13'),
  ('21/5/2021', '19', '1', '18', '33', '11', '2', '2', '2'),
  ('21/6/2021', '19', '5', '18', '0', '17', '7', '16', '29'),
  ('21/7/2021', '16', '4', '13', '37', '20', '6', '2', '13'),
  ('21/8/2021', '1', '3', '17', '15', '13', '1', '4', '11'),
  ('21/9/2021', '3', '39', '18', '23', '20', '33', '12', '24'),
  ('21/10/2021', '20', '39', '9', '34', '6', '14', '4', '16'),
  ('21/11/2021', '11', '6', '9', '33', '14', '26', '3', '12'),
  ('21/12/2021', '15', '30', '17', '16', '19', '24', '17', '10');

CREATE TABLE leeds (
  "Date" VARCHAR(10),
  "New - Saddles" INTEGER,
  "New - Mudguards" INTEGER,
  "New - Wheels" INTEGER,
  "New - Bags" INTEGER,
  "Existing - Saddles" INTEGER,
  "Existing - Mudguards" INTEGER,
  "Existing - Wheels" INTEGER,
  "Existing - Bags" INTEGER
);

INSERT INTO leeds
  ("Date", "New - Saddles", "New - Mudguards", "New - Wheels", "New - Bags", "Existing - Saddles", "Existing - Mudguards", "Existing - Wheels", "Existing - Bags")
VALUES
  ('21/1/2021', '12', '11', '18', '39', '17', '44', '2', '19'),
  ('21/2/2021', '6', '55', '18', '26', '17', '14', '19', '6'),
  ('21/3/2021', '7', '50', '15', '3', '15', '34', '4', '37'),
  ('21/4/2021', '6', '32', '13', '0', '12', '25', '9', '29'),
  ('21/5/2021', '4', '7', '17', '37', '9', '0', '17', '6'),
  ('21/6/2021', '5', '10', '12', '22', '10', '9', '11', '29'),
  ('21/7/2021', '19', '3', '17', '28', '12', '9', '2', '27'),
  ('21/8/2021', '12', '0', '17', '6', '0', '0', '14', '25'),
  ('21/9/2021', '13', '13', '4', '12', '15', '2', '19', '10'),
  ('21/10/2021', '5', '12', '8', '32', '10', '11', '0', '10'),
  ('21/11/2021', '2', '40', '3', '19', '18', '6', '0', '38'),
  ('21/12/2021', '15', '37', '16', '9', '11', '26', '11', '10');

CREATE TABLE london (
  "Date" VARCHAR(10),
  "New - Saddles" INTEGER,
  "New - Mudguards" INTEGER,
  "New - Wheels" INTEGER,
  "New - Bags" INTEGER,
  "Existing - Saddles" INTEGER,
  "Existing - Mudguards" INTEGER,
  "Existing - Wheels" INTEGER,
  "Existing - Bags" INTEGER
);

INSERT INTO london
  ("Date", "New - Saddles", "New - Mudguards", "New - Wheels", "New - Bags", "Existing - Saddles", "Existing - Mudguards", "Existing - Wheels", "Existing - Bags")
VALUES
  ('21/1/2021', '3', '44', '18', '30', '5', '35', '19', '19'),
  ('21/2/2021', '19', '32', '2', '38', '3', '7', '17', '14'),
  ('21/3/2021', '16', '52', '2', '1', '17', '0', '18', '14'),
  ('21/4/2021', '6', '56', '1', '14', '18', '15', '1', '9'),
  ('21/5/2021', '5', '3', '6', '36', '16', '0', '1', '26'),
  ('21/6/2021', '13', '6', '16', '22', '12', '4', '18', '20'),
  ('21/7/2021', '10', '8', '7', '25', '20', '9', '3', '12'),
  ('21/8/2021', '16', '9', '10', '2', '20', '0', '7', '6'),
  ('21/9/2021', '1', '32', '2', '23', '14', '36', '17', '23'),
  ('21/10/2021', '9', '8', '17', '23', '18', '15', '8', '36'),
  ('21/11/2021', '12', '11', '15', '23', '2', '24', '5', '25'),
  ('21/12/2021', '13', '30', '19', '14', '18', '37', '15', '25');

CREATE TABLE manchester (
  "Date" VARCHAR(10),
  "New - Saddles" INTEGER,
  "New - Mudguards" INTEGER,
  "New - Wheels" INTEGER,
  "New - Bags" INTEGER,
  "Existing - Saddles" INTEGER,
  "Existing - Mudguards" INTEGER,
  "Existing - Wheels" INTEGER,
  "Existing - Bags" INTEGER
);

INSERT INTO manchester
  ("Date", "New - Saddles", "New - Mudguards", "New - Wheels", "New - Bags", "Existing - Saddles", "Existing - Mudguards", "Existing - Wheels", "Existing - Bags")
VALUES
  ('21/1/2021', '13', '42', '19', '38', '17', '48', '19', '13'),
  ('21/2/2021', '1', '9', '14', '6', '2', '4', '19', '24'),
  ('21/3/2021', '8', '22', '6', '35', '0', '48', '17', '16'),
  ('21/4/2021', '3', '9', '8', '16', '18', '50', '18', '25'),
  ('21/5/2021', '2', '8', '5', '34', '17', '3', '12', '19'),
  ('21/6/2021', '11', '2', '6', '8', '2', '8', '3', '1'),
  ('21/7/2021', '16', '5', '15', '37', '19', '1', '7', '28'),
  ('21/8/2021', '10', '7', '18', '27', '10', '4', '8', '9'),
  ('21/9/2021', '15', '25', '1', '38', '18', '9', '0', '23'),
  ('21/10/2021', '9', '11', '11', '0', '18', '10', '17', '7'),
  ('21/11/2021', '3', '1', '8', '34', '12', '40', '5', '0'),
  ('21/12/2021', '6', '39', '12', '13', '19', '33', '13', '6');

CREATE TABLE york (
  "Date" VARCHAR(10),
  "New - Saddles" INTEGER,
  "New - Mudguards" INTEGER,
  "New - Wheels" INTEGER,
  "New - Bags" INTEGER,
  "Existing - Saddles" INTEGER,
  "Existing - Mudguards" INTEGER,
  "Existing - Wheels" INTEGER,
  "Existing - Bags" INTEGER
);

INSERT INTO york
  ("Date", "New - Saddles", "New - Mudguards", "New - Wheels", "New - Bags", "Existing - Saddles", "Existing - Mudguards", "Existing - Wheels", "Existing - Bags")
VALUES
  ('21/1/2021', '4', '47', '10', '19', '17', '56', '0', '31'),
  ('21/2/2021', '15', '53', '2', '32', '14', '32', '16', '7'),
  ('21/3/2021', '18', '31', '5', '36', '7', '36', '6', '5'),
  ('21/4/2021', '0', '16', '11', '38', '1', '56', '12', '15'),
  ('21/5/2021', '4', '9', '14', '21', '11', '9', '17', '15'),
  ('21/6/2021', '11', '8', '11', '29', '2', '0', '8', '11'),
  ('21/7/2021', '18', '7', '18', '8', '12', '7', '16', '0'),
  ('21/8/2021', '4', '0', '13', '32', '8', '3', '4', '22'),
  ('21/9/2021', '0', '34', '6', '17', '6', '22', '15', '1'),
  ('21/10/2021', '12', '31', '2', '20', '2', '6', '16', '10'),
  ('21/11/2021', '2', '37', '3', '38', '17', '26', '20', '13'),
  ('21/12/2021', '6', '28', '0', '15', '13', '16', '7', '0');